input,label
101,None
102,Fizz
103,None
104,None
105,FizzBuzz
106,None
107,None
108,Fizz
109,None
110,Buzz
111,Fizz
112,None
113,None
114,Fizz
115,Buzz
116,None
117,Fizz
118,None
119,None
120,FizzBuzz
121,None
122,None
123,Fizz
124,None
125,Buzz
126,Fizz
127,None
128,None
129,Fizz
130,Buzz
131,None
132,Fizz
133,None
134,None
135,FizzBuzz
136,None
137,None
138,Fizz
139,None
140,Buzz
141,Fizz
142,None
143,None
144,Fizz
145,Buzz
146,None
147,Fizz
148,None
149,None
150,FizzBuzz
151,None
152,None
153,Fizz
154,None
155,Buzz
156,Fizz
157,None
158,None
159,Fizz
160,Buzz
161,None
162,Fizz
163,None
164,None
165,FizzBuzz
166,None
167,None
168,Fizz
169,None
170,Buzz
171,Fizz
172,None
173,None
174,Fizz
175,Buzz
176,None
177,Fizz
178,None
179,None
180,FizzBuzz
181,None
182,None
183,Fizz
184,None
185,Buzz
186,Fizz
187,None
188,None
189,Fizz
190,Buzz
191,None
192,Fizz
193,None
194,None
195,FizzBuzz
196,None
197,None
198,Fizz
199,None
200,Buzz
201,Fizz
202,None
203,None
204,Fizz
205,Buzz
206,None
207,Fizz
208,None
209,None
210,FizzBuzz
211,None
212,None
213,Fizz
214,None
215,Buzz
216,Fizz
217,None
218,None
219,Fizz
220,Buzz
221,None
222,Fizz
223,None
224,None
225,FizzBuzz
226,None
227,None
228,Fizz
229,None
230,Buzz
231,Fizz
232,None
233,None
234,Fizz
235,Buzz
236,None
237,Fizz
238,None
239,None
240,FizzBuzz
241,None
242,None
243,Fizz
244,None
245,Buzz
246,Fizz
247,None
248,None
249,Fizz
250,Buzz
251,None
252,Fizz
253,None
254,None
255,FizzBuzz
256,None
257,None
258,Fizz
259,None
260,Buzz
261,Fizz
262,None
263,None
264,Fizz
265,Buzz
266,None
267,Fizz
268,None
269,None
270,FizzBuzz
271,None
272,None
273,Fizz
274,None
275,Buzz
276,Fizz
277,None
278,None
279,Fizz
280,Buzz
281,None
282,Fizz
283,None
284,None
285,FizzBuzz
286,None
287,None
288,Fizz
289,None
290,Buzz
291,Fizz
292,None
293,None
294,Fizz
295,Buzz
296,None
297,Fizz
298,None
299,None
300,FizzBuzz
301,None
302,None
303,Fizz
304,None
305,Buzz
306,Fizz
307,None
308,None
309,Fizz
310,Buzz
311,None
312,Fizz
313,None
314,None
315,FizzBuzz
316,None
317,None
318,Fizz
319,None
320,Buzz
321,Fizz
322,None
323,None
324,Fizz
325,Buzz
326,None
327,Fizz
328,None
329,None
330,FizzBuzz
331,None
332,None
333,Fizz
334,None
335,Buzz
336,Fizz
337,None
338,None
339,Fizz
340,Buzz
341,None
342,Fizz
343,None
344,None
345,FizzBuzz
346,None
347,None
348,Fizz
349,None
350,Buzz
351,Fizz
352,None
353,None
354,Fizz
355,Buzz
356,None
357,Fizz
358,None
359,None
360,FizzBuzz
361,None
362,None
363,Fizz
364,None
365,Buzz
366,Fizz
367,None
368,None
369,Fizz
370,Buzz
371,None
372,Fizz
373,None
374,None
375,FizzBuzz
376,None
377,None
378,Fizz
379,None
380,Buzz
381,Fizz
382,None
383,None
384,Fizz
385,Buzz
386,None
387,Fizz
388,None
389,None
390,FizzBuzz
391,None
392,None
393,Fizz
394,None
395,Buzz
396,Fizz
397,None
398,None
399,Fizz
400,Buzz
401,None
402,Fizz
403,None
404,None
405,FizzBuzz
406,None
407,None
408,Fizz
409,None
410,Buzz
411,Fizz
412,None
413,None
414,Fizz
415,Buzz
416,None
417,Fizz
418,None
419,None
420,FizzBuzz
421,None
422,None
423,Fizz
424,None
425,Buzz
426,Fizz
427,None
428,None
429,Fizz
430,Buzz
431,None
432,Fizz
433,None
434,None
435,FizzBuzz
436,None
437,None
438,Fizz
439,None
440,Buzz
441,Fizz
442,None
443,None
444,Fizz
445,Buzz
446,None
447,Fizz
448,None
449,None
450,FizzBuzz
451,None
452,None
453,Fizz
454,None
455,Buzz
456,Fizz
457,None
458,None
459,Fizz
460,Buzz
461,None
462,Fizz
463,None
464,None
465,FizzBuzz
466,None
467,None
468,Fizz
469,None
470,Buzz
471,Fizz
472,None
473,None
474,Fizz
475,Buzz
476,None
477,Fizz
478,None
479,None
480,FizzBuzz
481,None
482,None
483,Fizz
484,None
485,Buzz
486,Fizz
487,None
488,None
489,Fizz
490,Buzz
491,None
492,Fizz
493,None
494,None
495,FizzBuzz
496,None
497,None
498,Fizz
499,None
500,Buzz
501,Fizz
502,None
503,None
504,Fizz
505,Buzz
506,None
507,Fizz
508,None
509,None
510,FizzBuzz
511,None
512,None
513,Fizz
514,None
515,Buzz
516,Fizz
517,None
518,None
519,Fizz
520,Buzz
521,None
522,Fizz
523,None
524,None
525,FizzBuzz
526,None
527,None
528,Fizz
529,None
530,Buzz
531,Fizz
532,None
533,None
534,Fizz
535,Buzz
536,None
537,Fizz
538,None
539,None
540,FizzBuzz
541,None
542,None
543,Fizz
544,None
545,Buzz
546,Fizz
547,None
548,None
549,Fizz
550,Buzz
551,None
552,Fizz
553,None
554,None
555,FizzBuzz
556,None
557,None
558,Fizz
559,None
560,Buzz
561,Fizz
562,None
563,None
564,Fizz
565,Buzz
566,None
567,Fizz
568,None
569,None
570,FizzBuzz
571,None
572,None
573,Fizz
574,None
575,Buzz
576,Fizz
577,None
578,None
579,Fizz
580,Buzz
581,None
582,Fizz
583,None
584,None
585,FizzBuzz
586,None
587,None
588,Fizz
589,None
590,Buzz
591,Fizz
592,None
593,None
594,Fizz
595,Buzz
596,None
597,Fizz
598,None
599,None
600,FizzBuzz
601,None
602,None
603,Fizz
604,None
605,Buzz
606,Fizz
607,None
608,None
609,Fizz
610,Buzz
611,None
612,Fizz
613,None
614,None
615,FizzBuzz
616,None
617,None
618,Fizz
619,None
620,Buzz
621,Fizz
622,None
623,None
624,Fizz
625,Buzz
626,None
627,Fizz
628,None
629,None
630,FizzBuzz
631,None
632,None
633,Fizz
634,None
635,Buzz
636,Fizz
637,None
638,None
639,Fizz
640,Buzz
641,None
642,Fizz
643,None
644,None
645,FizzBuzz
646,None
647,None
648,Fizz
649,None
650,Buzz
651,Fizz
652,None
653,None
654,Fizz
655,Buzz
656,None
657,Fizz
658,None
659,None
660,FizzBuzz
661,None
662,None
663,Fizz
664,None
665,Buzz
666,Fizz
667,None
668,None
669,Fizz
670,Buzz
671,None
672,Fizz
673,None
674,None
675,FizzBuzz
676,None
677,None
678,Fizz
679,None
680,Buzz
681,Fizz
682,None
683,None
684,Fizz
685,Buzz
686,None
687,Fizz
688,None
689,None
690,FizzBuzz
691,None
692,None
693,Fizz
694,None
695,Buzz
696,Fizz
697,None
698,None
699,Fizz
700,Buzz
701,None
702,Fizz
703,None
704,None
705,FizzBuzz
706,None
707,None
708,Fizz
709,None
710,Buzz
711,Fizz
712,None
713,None
714,Fizz
715,Buzz
716,None
717,Fizz
718,None
719,None
720,FizzBuzz
721,None
722,None
723,Fizz
724,None
725,Buzz
726,Fizz
727,None
728,None
729,Fizz
730,Buzz
731,None
732,Fizz
733,None
734,None
735,FizzBuzz
736,None
737,None
738,Fizz
739,None
740,Buzz
741,Fizz
742,None
743,None
744,Fizz
745,Buzz
746,None
747,Fizz
748,None
749,None
750,FizzBuzz
751,None
752,None
753,Fizz
754,None
755,Buzz
756,Fizz
757,None
758,None
759,Fizz
760,Buzz
761,None
762,Fizz
763,None
764,None
765,FizzBuzz
766,None
767,None
768,Fizz
769,None
770,Buzz
771,Fizz
772,None
773,None
774,Fizz
775,Buzz
776,None
777,Fizz
778,None
779,None
780,FizzBuzz
781,None
782,None
783,Fizz
784,None
785,Buzz
786,Fizz
787,None
788,None
789,Fizz
790,Buzz
791,None
792,Fizz
793,None
794,None
795,FizzBuzz
796,None
797,None
798,Fizz
799,None
800,Buzz
801,Fizz
802,None
803,None
804,Fizz
805,Buzz
806,None
807,Fizz
808,None
809,None
810,FizzBuzz
811,None
812,None
813,Fizz
814,None
815,Buzz
816,Fizz
817,None
818,None
819,Fizz
820,Buzz
821,None
822,Fizz
823,None
824,None
825,FizzBuzz
826,None
827,None
828,Fizz
829,None
830,Buzz
831,Fizz
832,None
833,None
834,Fizz
835,Buzz
836,None
837,Fizz
838,None
839,None
840,FizzBuzz
841,None
842,None
843,Fizz
844,None
845,Buzz
846,Fizz
847,None
848,None
849,Fizz
850,Buzz
851,None
852,Fizz
853,None
854,None
855,FizzBuzz
856,None
857,None
858,Fizz
859,None
860,Buzz
861,Fizz
862,None
863,None
864,Fizz
865,Buzz
866,None
867,Fizz
868,None
869,None
870,FizzBuzz
871,None
872,None
873,Fizz
874,None
875,Buzz
876,Fizz
877,None
878,None
879,Fizz
880,Buzz
881,None
882,Fizz
883,None
884,None
885,FizzBuzz
886,None
887,None
888,Fizz
889,None
890,Buzz
891,Fizz
892,None
893,None
894,Fizz
895,Buzz
896,None
897,Fizz
898,None
899,None
900,FizzBuzz
901,None
902,None
903,Fizz
904,None
905,Buzz
906,Fizz
907,None
908,None
909,Fizz
910,Buzz
911,None
912,Fizz
913,None
914,None
915,FizzBuzz
916,None
917,None
918,Fizz
919,None
920,Buzz
921,Fizz
922,None
923,None
924,Fizz
925,Buzz
926,None
927,Fizz
928,None
929,None
930,FizzBuzz
931,None
932,None
933,Fizz
934,None
935,Buzz
936,Fizz
937,None
938,None
939,Fizz
940,Buzz
941,None
942,Fizz
943,None
944,None
945,FizzBuzz
946,None
947,None
948,Fizz
949,None
950,Buzz
951,Fizz
952,None
953,None
954,Fizz
955,Buzz
956,None
957,Fizz
958,None
959,None
960,FizzBuzz
961,None
962,None
963,Fizz
964,None
965,Buzz
966,Fizz
967,None
968,None
969,Fizz
970,Buzz
971,None
972,Fizz
973,None
974,None
975,FizzBuzz
976,None
977,None
978,Fizz
979,None
980,Buzz
981,Fizz
982,None
983,None
984,Fizz
985,Buzz
986,None
987,Fizz
988,None
989,None
990,FizzBuzz
991,None
992,None
993,Fizz
994,None
995,Buzz
996,Fizz
997,None
998,None
999,Fizz
1000,Buzz
1001,None
1002,Fizz
1003,None
1004,None
1005,FizzBuzz
1006,None
1007,None
1008,Fizz
1009,None
1010,Buzz
1011,Fizz
1012,None
1013,None
1014,Fizz
1015,Buzz
1016,None
1017,Fizz
1018,None
1019,None
1020,FizzBuzz
1021,None
1022,None
1023,Fizz
1024,None
1025,Buzz
1026,Fizz
1027,None
1028,None
1029,Fizz
1030,Buzz
1031,None
1032,Fizz
1033,None
1034,None
1035,FizzBuzz
1036,None
1037,None
1038,Fizz
1039,None
1040,Buzz
1041,Fizz
1042,None
1043,None
1044,Fizz
1045,Buzz
1046,None
1047,Fizz
1048,None
1049,None
1050,FizzBuzz
1051,None
1052,None
1053,Fizz
1054,None
1055,Buzz
1056,Fizz
1057,None
1058,None
1059,Fizz
1060,Buzz
1061,None
1062,Fizz
1063,None
1064,None
1065,FizzBuzz
1066,None
1067,None
1068,Fizz
1069,None
1070,Buzz
1071,Fizz
1072,None
1073,None
1074,Fizz
1075,Buzz
1076,None
1077,Fizz
1078,None
1079,None
1080,FizzBuzz
1081,None
1082,None
1083,Fizz
1084,None
1085,Buzz
1086,Fizz
1087,None
1088,None
1089,Fizz
1090,Buzz
1091,None
1092,Fizz
1093,None
1094,None
1095,FizzBuzz
1096,None
1097,None
1098,Fizz
1099,None
1100,Buzz
1101,Fizz
1102,None
1103,None
1104,Fizz
1105,Buzz
1106,None
1107,Fizz
1108,None
1109,None
1110,FizzBuzz
1111,None
1112,None
1113,Fizz
1114,None
1115,Buzz
1116,Fizz
1117,None
1118,None
1119,Fizz
1120,Buzz
1121,None
1122,Fizz
1123,None
1124,None
1125,FizzBuzz
1126,None
1127,None
1128,Fizz
1129,None
1130,Buzz
1131,Fizz
1132,None
1133,None
1134,Fizz
1135,Buzz
1136,None
1137,Fizz
1138,None
1139,None
1140,FizzBuzz
1141,None
1142,None
1143,Fizz
1144,None
1145,Buzz
1146,Fizz
1147,None
1148,None
1149,Fizz
1150,Buzz
1151,None
1152,Fizz
1153,None
1154,None
1155,FizzBuzz
1156,None
1157,None
1158,Fizz
1159,None
1160,Buzz
1161,Fizz
1162,None
1163,None
1164,Fizz
1165,Buzz
1166,None
1167,Fizz
1168,None
1169,None
1170,FizzBuzz
1171,None
1172,None
1173,Fizz
1174,None
1175,Buzz
1176,Fizz
1177,None
1178,None
1179,Fizz
1180,Buzz
1181,None
1182,Fizz
1183,None
1184,None
1185,FizzBuzz
1186,None
1187,None
1188,Fizz
1189,None
1190,Buzz
1191,Fizz
1192,None
1193,None
1194,Fizz
1195,Buzz
1196,None
1197,Fizz
1198,None
1199,None
1200,FizzBuzz
1201,None
1202,None
1203,Fizz
1204,None
1205,Buzz
1206,Fizz
1207,None
1208,None
1209,Fizz
1210,Buzz
1211,None
1212,Fizz
1213,None
1214,None
1215,FizzBuzz
1216,None
1217,None
1218,Fizz
1219,None
1220,Buzz
1221,Fizz
1222,None
1223,None
1224,Fizz
1225,Buzz
1226,None
1227,Fizz
1228,None
1229,None
1230,FizzBuzz
1231,None
1232,None
1233,Fizz
1234,None
1235,Buzz
1236,Fizz
1237,None
1238,None
1239,Fizz
1240,Buzz
1241,None
1242,Fizz
1243,None
1244,None
1245,FizzBuzz
1246,None
1247,None
1248,Fizz
1249,None
1250,Buzz
1251,Fizz
1252,None
1253,None
1254,Fizz
1255,Buzz
1256,None
1257,Fizz
1258,None
1259,None
1260,FizzBuzz
1261,None
1262,None
1263,Fizz
1264,None
1265,Buzz
1266,Fizz
1267,None
1268,None
1269,Fizz
1270,Buzz
1271,None
1272,Fizz
1273,None
1274,None
1275,FizzBuzz
1276,None
1277,None
1278,Fizz
1279,None
1280,Buzz
1281,Fizz
1282,None
1283,None
1284,Fizz
1285,Buzz
1286,None
1287,Fizz
1288,None
1289,None
1290,FizzBuzz
1291,None
1292,None
1293,Fizz
1294,None
1295,Buzz
1296,Fizz
1297,None
1298,None
1299,Fizz
1300,Buzz
1301,None
1302,Fizz
1303,None
1304,None
1305,FizzBuzz
1306,None
1307,None
1308,Fizz
1309,None
1310,Buzz
1311,Fizz
1312,None
1313,None
1314,Fizz
1315,Buzz
1316,None
1317,Fizz
1318,None
1319,None
1320,FizzBuzz
1321,None
1322,None
1323,Fizz
1324,None
1325,Buzz
1326,Fizz
1327,None
1328,None
1329,Fizz
1330,Buzz
1331,None
1332,Fizz
1333,None
1334,None
1335,FizzBuzz
1336,None
1337,None
1338,Fizz
1339,None
1340,Buzz
1341,Fizz
1342,None
1343,None
1344,Fizz
1345,Buzz
1346,None
1347,Fizz
1348,None
1349,None
1350,FizzBuzz
1351,None
1352,None
1353,Fizz
1354,None
1355,Buzz
1356,Fizz
1357,None
1358,None
1359,Fizz
1360,Buzz
1361,None
1362,Fizz
1363,None
1364,None
1365,FizzBuzz
1366,None
1367,None
1368,Fizz
1369,None
1370,Buzz
1371,Fizz
1372,None
1373,None
1374,Fizz
1375,Buzz
1376,None
1377,Fizz
1378,None
1379,None
1380,FizzBuzz
1381,None
1382,None
1383,Fizz
1384,None
1385,Buzz
1386,Fizz
1387,None
1388,None
1389,Fizz
1390,Buzz
1391,None
1392,Fizz
1393,None
1394,None
1395,FizzBuzz
1396,None
1397,None
1398,Fizz
1399,None
1400,Buzz
1401,Fizz
1402,None
1403,None
1404,Fizz
1405,Buzz
1406,None
1407,Fizz
1408,None
1409,None
1410,FizzBuzz
1411,None
1412,None
1413,Fizz
1414,None
1415,Buzz
1416,Fizz
1417,None
1418,None
1419,Fizz
1420,Buzz
1421,None
1422,Fizz
1423,None
1424,None
1425,FizzBuzz
1426,None
1427,None
1428,Fizz
1429,None
1430,Buzz
1431,Fizz
1432,None
1433,None
1434,Fizz
1435,Buzz
1436,None
1437,Fizz
1438,None
1439,None
1440,FizzBuzz
1441,None
1442,None
1443,Fizz
1444,None
1445,Buzz
1446,Fizz
1447,None
1448,None
1449,Fizz
1450,Buzz
1451,None
1452,Fizz
1453,None
1454,None
1455,FizzBuzz
1456,None
1457,None
1458,Fizz
1459,None
1460,Buzz
1461,Fizz
1462,None
1463,None
1464,Fizz
1465,Buzz
1466,None
1467,Fizz
1468,None
1469,None
1470,FizzBuzz
1471,None
1472,None
1473,Fizz
1474,None
1475,Buzz
1476,Fizz
1477,None
1478,None
1479,Fizz
1480,Buzz
1481,None
1482,Fizz
1483,None
1484,None
1485,FizzBuzz
1486,None
1487,None
1488,Fizz
1489,None
1490,Buzz
1491,Fizz
1492,None
1493,None
1494,Fizz
1495,Buzz
1496,None
1497,Fizz
1498,None
1499,None
1500,FizzBuzz
1501,None
1502,None
1503,Fizz
1504,None
1505,Buzz
1506,Fizz
1507,None
1508,None
1509,Fizz
1510,Buzz
1511,None
1512,Fizz
1513,None
1514,None
1515,FizzBuzz
1516,None
1517,None
1518,Fizz
1519,None
1520,Buzz
1521,Fizz
1522,None
1523,None
1524,Fizz
1525,Buzz
1526,None
1527,Fizz
1528,None
1529,None
1530,FizzBuzz
1531,None
1532,None
1533,Fizz
1534,None
1535,Buzz
1536,Fizz
1537,None
1538,None
1539,Fizz
1540,Buzz
1541,None
1542,Fizz
1543,None
1544,None
1545,FizzBuzz
1546,None
1547,None
1548,Fizz
1549,None
1550,Buzz
1551,Fizz
1552,None
1553,None
1554,Fizz
1555,Buzz
1556,None
1557,Fizz
1558,None
1559,None
1560,FizzBuzz
1561,None
1562,None
1563,Fizz
1564,None
1565,Buzz
1566,Fizz
1567,None
1568,None
1569,Fizz
1570,Buzz
1571,None
1572,Fizz
1573,None
1574,None
1575,FizzBuzz
1576,None
1577,None
1578,Fizz
1579,None
1580,Buzz
1581,Fizz
1582,None
1583,None
1584,Fizz
1585,Buzz
1586,None
1587,Fizz
1588,None
1589,None
1590,FizzBuzz
1591,None
1592,None
1593,Fizz
1594,None
1595,Buzz
1596,Fizz
1597,None
1598,None
1599,Fizz
1600,Buzz
1601,None
1602,Fizz
1603,None
1604,None
1605,FizzBuzz
1606,None
1607,None
1608,Fizz
1609,None
1610,Buzz
1611,Fizz
1612,None
1613,None
1614,Fizz
1615,Buzz
1616,None
1617,Fizz
1618,None
1619,None
1620,FizzBuzz
1621,None
1622,None
1623,Fizz
1624,None
1625,Buzz
1626,Fizz
1627,None
1628,None
1629,Fizz
1630,Buzz
1631,None
1632,Fizz
1633,None
1634,None
1635,FizzBuzz
1636,None
1637,None
1638,Fizz
1639,None
1640,Buzz
1641,Fizz
1642,None
1643,None
1644,Fizz
1645,Buzz
1646,None
1647,Fizz
1648,None
1649,None
1650,FizzBuzz
1651,None
1652,None
1653,Fizz
1654,None
1655,Buzz
1656,Fizz
1657,None
1658,None
1659,Fizz
1660,Buzz
1661,None
1662,Fizz
1663,None
1664,None
1665,FizzBuzz
1666,None
1667,None
1668,Fizz
1669,None
1670,Buzz
1671,Fizz
1672,None
1673,None
1674,Fizz
1675,Buzz
1676,None
1677,Fizz
1678,None
1679,None
1680,FizzBuzz
1681,None
1682,None
1683,Fizz
1684,None
1685,Buzz
1686,Fizz
1687,None
1688,None
1689,Fizz
1690,Buzz
1691,None
1692,Fizz
1693,None
1694,None
1695,FizzBuzz
1696,None
1697,None
1698,Fizz
1699,None
1700,Buzz
1701,Fizz
1702,None
1703,None
1704,Fizz
1705,Buzz
1706,None
1707,Fizz
1708,None
1709,None
1710,FizzBuzz
1711,None
1712,None
1713,Fizz
1714,None
1715,Buzz
1716,Fizz
1717,None
1718,None
1719,Fizz
1720,Buzz
1721,None
1722,Fizz
1723,None
1724,None
1725,FizzBuzz
1726,None
1727,None
1728,Fizz
1729,None
1730,Buzz
1731,Fizz
1732,None
1733,None
1734,Fizz
1735,Buzz
1736,None
1737,Fizz
1738,None
1739,None
1740,FizzBuzz
1741,None
1742,None
1743,Fizz
1744,None
1745,Buzz
1746,Fizz
1747,None
1748,None
1749,Fizz
1750,Buzz
1751,None
1752,Fizz
1753,None
1754,None
1755,FizzBuzz
1756,None
1757,None
1758,Fizz
1759,None
1760,Buzz
1761,Fizz
1762,None
1763,None
1764,Fizz
1765,Buzz
1766,None
1767,Fizz
1768,None
1769,None
1770,FizzBuzz
1771,None
1772,None
1773,Fizz
1774,None
1775,Buzz
1776,Fizz
1777,None
1778,None
1779,Fizz
1780,Buzz
1781,None
1782,Fizz
1783,None
1784,None
1785,FizzBuzz
1786,None
1787,None
1788,Fizz
1789,None
1790,Buzz
1791,Fizz
1792,None
1793,None
1794,Fizz
1795,Buzz
1796,None
1797,Fizz
1798,None
1799,None
1800,FizzBuzz
1801,None
1802,None
1803,Fizz
1804,None
1805,Buzz
1806,Fizz
1807,None
1808,None
1809,Fizz
1810,Buzz
1811,None
1812,Fizz
1813,None
1814,None
1815,FizzBuzz
1816,None
1817,None
1818,Fizz
1819,None
1820,Buzz
1821,Fizz
1822,None
1823,None
1824,Fizz
1825,Buzz
1826,None
1827,Fizz
1828,None
1829,None
1830,FizzBuzz
1831,None
1832,None
1833,Fizz
1834,None
1835,Buzz
1836,Fizz
1837,None
1838,None
1839,Fizz
1840,Buzz
1841,None
1842,Fizz
1843,None
1844,None
1845,FizzBuzz
1846,None
1847,None
1848,Fizz
1849,None
1850,Buzz
1851,Fizz
1852,None
1853,None
1854,Fizz
1855,Buzz
1856,None
1857,Fizz
1858,None
1859,None
1860,FizzBuzz
1861,None
1862,None
1863,Fizz
1864,None
1865,Buzz
1866,Fizz
1867,None
1868,None
1869,Fizz
1870,Buzz
1871,None
1872,Fizz
1873,None
1874,None
1875,FizzBuzz
1876,None
1877,None
1878,Fizz
1879,None
1880,Buzz
1881,Fizz
1882,None
1883,None
1884,Fizz
1885,Buzz
1886,None
1887,Fizz
1888,None
1889,None
1890,FizzBuzz
1891,None
1892,None
1893,Fizz
1894,None
1895,Buzz
1896,Fizz
1897,None
1898,None
1899,Fizz
1900,Buzz
1901,None
1902,Fizz
1903,None
1904,None
1905,FizzBuzz
1906,None
1907,None
1908,Fizz
1909,None
1910,Buzz
1911,Fizz
1912,None
1913,None
1914,Fizz
1915,Buzz
1916,None
1917,Fizz
1918,None
1919,None
1920,FizzBuzz
1921,None
1922,None
1923,Fizz
1924,None
1925,Buzz
1926,Fizz
1927,None
1928,None
1929,Fizz
1930,Buzz
1931,None
1932,Fizz
1933,None
1934,None
1935,FizzBuzz
1936,None
1937,None
1938,Fizz
1939,None
1940,Buzz
1941,Fizz
1942,None
1943,None
1944,Fizz
1945,Buzz
1946,None
1947,Fizz
1948,None
1949,None
1950,FizzBuzz
1951,None
1952,None
1953,Fizz
1954,None
1955,Buzz
1956,Fizz
1957,None
1958,None
1959,Fizz
1960,Buzz
1961,None
1962,Fizz
1963,None
1964,None
1965,FizzBuzz
1966,None
1967,None
1968,Fizz
1969,None
1970,Buzz
1971,Fizz
1972,None
1973,None
1974,Fizz
1975,Buzz
1976,None
1977,Fizz
1978,None
1979,None
1980,FizzBuzz
1981,None
1982,None
1983,Fizz
1984,None
1985,Buzz
1986,Fizz
1987,None
1988,None
1989,Fizz
1990,Buzz
1991,None
1992,Fizz
1993,None
1994,None
1995,FizzBuzz
1996,None
1997,None
1998,Fizz
1999,None
2000,Buzz
2001,Fizz
2002,None
2003,None
2004,Fizz
2005,Buzz
2006,None
2007,Fizz
2008,None
2009,None
2010,FizzBuzz
2011,None
2012,None
2013,Fizz
2014,None
2015,Buzz
2016,Fizz
2017,None
2018,None
2019,Fizz
2020,Buzz
2021,None
2022,Fizz
2023,None
2024,None
2025,FizzBuzz
2026,None
2027,None
2028,Fizz
2029,None
2030,Buzz
2031,Fizz
2032,None
2033,None
2034,Fizz
2035,Buzz
2036,None
2037,Fizz
2038,None
2039,None
2040,FizzBuzz
2041,None
2042,None
2043,Fizz
2044,None
2045,Buzz
2046,Fizz
2047,None
2048,None
2049,Fizz
2050,Buzz
2051,None
2052,Fizz
2053,None
2054,None
2055,FizzBuzz
2056,None
2057,None
2058,Fizz
2059,None
2060,Buzz
2061,Fizz
2062,None
2063,None
2064,Fizz
2065,Buzz
2066,None
2067,Fizz
2068,None
2069,None
2070,FizzBuzz
2071,None
2072,None
2073,Fizz
2074,None
2075,Buzz
2076,Fizz
2077,None
2078,None
2079,Fizz
2080,Buzz
2081,None
2082,Fizz
2083,None
2084,None
2085,FizzBuzz
2086,None
2087,None
2088,Fizz
2089,None
2090,Buzz
2091,Fizz
2092,None
2093,None
2094,Fizz
2095,Buzz
2096,None
2097,Fizz
2098,None
2099,None
2100,FizzBuzz
2101,None
2102,None
2103,Fizz
2104,None
2105,Buzz
2106,Fizz
2107,None
2108,None
2109,Fizz
2110,Buzz
2111,None
2112,Fizz
2113,None
2114,None
2115,FizzBuzz
2116,None
2117,None
2118,Fizz
2119,None
2120,Buzz
2121,Fizz
2122,None
2123,None
2124,Fizz
2125,Buzz
2126,None
2127,Fizz
2128,None
2129,None
2130,FizzBuzz
2131,None
2132,None
2133,Fizz
2134,None
2135,Buzz
2136,Fizz
2137,None
2138,None
2139,Fizz
2140,Buzz
2141,None
2142,Fizz
2143,None
2144,None
2145,FizzBuzz
2146,None
2147,None
2148,Fizz
2149,None
2150,Buzz
2151,Fizz
2152,None
2153,None
2154,Fizz
2155,Buzz
2156,None
2157,Fizz
2158,None
2159,None
2160,FizzBuzz
2161,None
2162,None
2163,Fizz
2164,None
2165,Buzz
2166,Fizz
2167,None
2168,None
2169,Fizz
2170,Buzz
2171,None
2172,Fizz
2173,None
2174,None
2175,FizzBuzz
2176,None
2177,None
2178,Fizz
2179,None
2180,Buzz
2181,Fizz
2182,None
2183,None
2184,Fizz
2185,Buzz
2186,None
2187,Fizz
2188,None
2189,None
2190,FizzBuzz
2191,None
2192,None
2193,Fizz
2194,None
2195,Buzz
2196,Fizz
2197,None
2198,None
2199,Fizz
2200,Buzz
2201,None
2202,Fizz
2203,None
2204,None
2205,FizzBuzz
2206,None
2207,None
2208,Fizz
2209,None
2210,Buzz
2211,Fizz
2212,None
2213,None
2214,Fizz
2215,Buzz
2216,None
2217,Fizz
2218,None
2219,None
2220,FizzBuzz
2221,None
2222,None
2223,Fizz
2224,None
2225,Buzz
2226,Fizz
2227,None
2228,None
2229,Fizz
2230,Buzz
2231,None
2232,Fizz
2233,None
2234,None
2235,FizzBuzz
2236,None
2237,None
2238,Fizz
2239,None
2240,Buzz
2241,Fizz
2242,None
2243,None
2244,Fizz
2245,Buzz
2246,None
2247,Fizz
2248,None
2249,None
2250,FizzBuzz
2251,None
2252,None
2253,Fizz
2254,None
2255,Buzz
2256,Fizz
2257,None
2258,None
2259,Fizz
2260,Buzz
2261,None
2262,Fizz
2263,None
2264,None
2265,FizzBuzz
2266,None
2267,None
2268,Fizz
2269,None
2270,Buzz
2271,Fizz
2272,None
2273,None
2274,Fizz
2275,Buzz
2276,None
2277,Fizz
2278,None
2279,None
2280,FizzBuzz
2281,None
2282,None
2283,Fizz
2284,None
2285,Buzz
2286,Fizz
2287,None
2288,None
2289,Fizz
2290,Buzz
2291,None
2292,Fizz
2293,None
2294,None
2295,FizzBuzz
2296,None
2297,None
2298,Fizz
2299,None
2300,Buzz
2301,Fizz
2302,None
2303,None
2304,Fizz
2305,Buzz
2306,None
2307,Fizz
2308,None
2309,None
2310,FizzBuzz
2311,None
2312,None
2313,Fizz
2314,None
2315,Buzz
2316,Fizz
2317,None
2318,None
2319,Fizz
2320,Buzz
2321,None
2322,Fizz
2323,None
2324,None
2325,FizzBuzz
2326,None
2327,None
2328,Fizz
2329,None
2330,Buzz
2331,Fizz
2332,None
2333,None
2334,Fizz
2335,Buzz
2336,None
2337,Fizz
2338,None
2339,None
2340,FizzBuzz
2341,None
2342,None
2343,Fizz
2344,None
2345,Buzz
2346,Fizz
2347,None
2348,None
2349,Fizz
2350,Buzz
2351,None
2352,Fizz
2353,None
2354,None
2355,FizzBuzz
2356,None
2357,None
2358,Fizz
2359,None
2360,Buzz
2361,Fizz
2362,None
2363,None
2364,Fizz
2365,Buzz
2366,None
2367,Fizz
2368,None
2369,None
2370,FizzBuzz
2371,None
2372,None
2373,Fizz
2374,None
2375,Buzz
2376,Fizz
2377,None
2378,None
2379,Fizz
2380,Buzz
2381,None
2382,Fizz
2383,None
2384,None
2385,FizzBuzz
2386,None
2387,None
2388,Fizz
2389,None
2390,Buzz
2391,Fizz
2392,None
2393,None
2394,Fizz
2395,Buzz
2396,None
2397,Fizz
2398,None
2399,None
2400,FizzBuzz
2401,None
2402,None
2403,Fizz
2404,None
2405,Buzz
2406,Fizz
2407,None
2408,None
2409,Fizz
2410,Buzz
2411,None
2412,Fizz
2413,None
2414,None
2415,FizzBuzz
2416,None
2417,None
2418,Fizz
2419,None
2420,Buzz
2421,Fizz
2422,None
2423,None
2424,Fizz
2425,Buzz
2426,None
2427,Fizz
2428,None
2429,None
2430,FizzBuzz
2431,None
2432,None
2433,Fizz
2434,None
2435,Buzz
2436,Fizz
2437,None
2438,None
2439,Fizz
2440,Buzz
2441,None
2442,Fizz
2443,None
2444,None
2445,FizzBuzz
2446,None
2447,None
2448,Fizz
2449,None
2450,Buzz
2451,Fizz
2452,None
2453,None
2454,Fizz
2455,Buzz
2456,None
2457,Fizz
2458,None
2459,None
2460,FizzBuzz
2461,None
2462,None
2463,Fizz
2464,None
2465,Buzz
2466,Fizz
2467,None
2468,None
2469,Fizz
2470,Buzz
2471,None
2472,Fizz
2473,None
2474,None
2475,FizzBuzz
2476,None
2477,None
2478,Fizz
2479,None
2480,Buzz
2481,Fizz
2482,None
2483,None
2484,Fizz
2485,Buzz
2486,None
2487,Fizz
2488,None
2489,None
2490,FizzBuzz
2491,None
2492,None
2493,Fizz
2494,None
2495,Buzz
2496,Fizz
2497,None
2498,None
2499,Fizz
2500,Buzz
2501,None
2502,Fizz
2503,None
2504,None
2505,FizzBuzz
2506,None
2507,None
2508,Fizz
2509,None
2510,Buzz
2511,Fizz
2512,None
2513,None
2514,Fizz
2515,Buzz
2516,None
2517,Fizz
2518,None
2519,None
2520,FizzBuzz
2521,None
2522,None
2523,Fizz
2524,None
2525,Buzz
2526,Fizz
2527,None
2528,None
2529,Fizz
2530,Buzz
2531,None
2532,Fizz
2533,None
2534,None
2535,FizzBuzz
2536,None
2537,None
2538,Fizz
2539,None
2540,Buzz
2541,Fizz
2542,None
2543,None
2544,Fizz
2545,Buzz
2546,None
2547,Fizz
2548,None
2549,None
2550,FizzBuzz
2551,None
2552,None
2553,Fizz
2554,None
2555,Buzz
2556,Fizz
2557,None
2558,None
2559,Fizz
2560,Buzz
2561,None
2562,Fizz
2563,None
2564,None
2565,FizzBuzz
2566,None
2567,None
2568,Fizz
2569,None
2570,Buzz
2571,Fizz
2572,None
2573,None
2574,Fizz
2575,Buzz
2576,None
2577,Fizz
2578,None
2579,None
2580,FizzBuzz
2581,None
2582,None
2583,Fizz
2584,None
2585,Buzz
2586,Fizz
2587,None
2588,None
2589,Fizz
2590,Buzz
2591,None
2592,Fizz
2593,None
2594,None
2595,FizzBuzz
2596,None
2597,None
2598,Fizz
2599,None
2600,Buzz
2601,Fizz
2602,None
2603,None
2604,Fizz
2605,Buzz
2606,None
2607,Fizz
2608,None
2609,None
2610,FizzBuzz
2611,None
2612,None
2613,Fizz
2614,None
2615,Buzz
2616,Fizz
2617,None
2618,None
2619,Fizz
2620,Buzz
2621,None
2622,Fizz
2623,None
2624,None
2625,FizzBuzz
2626,None
2627,None
2628,Fizz
2629,None
2630,Buzz
2631,Fizz
2632,None
2633,None
2634,Fizz
2635,Buzz
2636,None
2637,Fizz
2638,None
2639,None
2640,FizzBuzz
2641,None
2642,None
2643,Fizz
2644,None
2645,Buzz
2646,Fizz
2647,None
2648,None
2649,Fizz
2650,Buzz
2651,None
2652,Fizz
2653,None
2654,None
2655,FizzBuzz
2656,None
2657,None
2658,Fizz
2659,None
2660,Buzz
2661,Fizz
2662,None
2663,None
2664,Fizz
2665,Buzz
2666,None
2667,Fizz
2668,None
2669,None
2670,FizzBuzz
2671,None
2672,None
2673,Fizz
2674,None
2675,Buzz
2676,Fizz
2677,None
2678,None
2679,Fizz
2680,Buzz
2681,None
2682,Fizz
2683,None
2684,None
2685,FizzBuzz
2686,None
2687,None
2688,Fizz
2689,None
2690,Buzz
2691,Fizz
2692,None
2693,None
2694,Fizz
2695,Buzz
2696,None
2697,Fizz
2698,None
2699,None
2700,FizzBuzz
2701,None
2702,None
2703,Fizz
2704,None
2705,Buzz
2706,Fizz
2707,None
2708,None
2709,Fizz
2710,Buzz
2711,None
2712,Fizz
2713,None
2714,None
2715,FizzBuzz
2716,None
2717,None
2718,Fizz
2719,None
2720,Buzz
2721,Fizz
2722,None
2723,None
2724,Fizz
2725,Buzz
2726,None
2727,Fizz
2728,None
2729,None
2730,FizzBuzz
2731,None
2732,None
2733,Fizz
2734,None
2735,Buzz
2736,Fizz
2737,None
2738,None
2739,Fizz
2740,Buzz
2741,None
2742,Fizz
2743,None
2744,None
2745,FizzBuzz
2746,None
2747,None
2748,Fizz
2749,None
2750,Buzz
2751,Fizz
2752,None
2753,None
2754,Fizz
2755,Buzz
2756,None
2757,Fizz
2758,None
2759,None
2760,FizzBuzz
2761,None
2762,None
2763,Fizz
2764,None
2765,Buzz
2766,Fizz
2767,None
2768,None
2769,Fizz
2770,Buzz
2771,None
2772,Fizz
2773,None
2774,None
2775,FizzBuzz
2776,None
2777,None
2778,Fizz
2779,None
2780,Buzz
2781,Fizz
2782,None
2783,None
2784,Fizz
2785,Buzz
2786,None
2787,Fizz
2788,None
2789,None
2790,FizzBuzz
2791,None
2792,None
2793,Fizz
2794,None
2795,Buzz
2796,Fizz
2797,None
2798,None
2799,Fizz
2800,Buzz
2801,None
2802,Fizz
2803,None
2804,None
2805,FizzBuzz
2806,None
2807,None
2808,Fizz
2809,None
2810,Buzz
2811,Fizz
2812,None
2813,None
2814,Fizz
2815,Buzz
2816,None
2817,Fizz
2818,None
2819,None
2820,FizzBuzz
2821,None
2822,None
2823,Fizz
2824,None
2825,Buzz
2826,Fizz
2827,None
2828,None
2829,Fizz
2830,Buzz
2831,None
2832,Fizz
2833,None
2834,None
2835,FizzBuzz
2836,None
2837,None
2838,Fizz
2839,None
2840,Buzz
2841,Fizz
2842,None
2843,None
2844,Fizz
2845,Buzz
2846,None
2847,Fizz
2848,None
2849,None
2850,FizzBuzz
2851,None
2852,None
2853,Fizz
2854,None
2855,Buzz
2856,Fizz
2857,None
2858,None
2859,Fizz
2860,Buzz
2861,None
2862,Fizz
2863,None
2864,None
2865,FizzBuzz
2866,None
2867,None
2868,Fizz
2869,None
2870,Buzz
2871,Fizz
2872,None
2873,None
2874,Fizz
2875,Buzz
2876,None
2877,Fizz
2878,None
2879,None
2880,FizzBuzz
2881,None
2882,None
2883,Fizz
2884,None
2885,Buzz
2886,Fizz
2887,None
2888,None
2889,Fizz
2890,Buzz
2891,None
2892,Fizz
2893,None
2894,None
2895,FizzBuzz
2896,None
2897,None
2898,Fizz
2899,None
2900,Buzz
2901,Fizz
2902,None
2903,None
2904,Fizz
2905,Buzz
2906,None
2907,Fizz
2908,None
2909,None
2910,FizzBuzz
2911,None
2912,None
2913,Fizz
2914,None
2915,Buzz
2916,Fizz
2917,None
2918,None
2919,Fizz
2920,Buzz
2921,None
2922,Fizz
2923,None
2924,None
2925,FizzBuzz
2926,None
2927,None
2928,Fizz
2929,None
2930,Buzz
2931,Fizz
2932,None
2933,None
2934,Fizz
2935,Buzz
2936,None
2937,Fizz
2938,None
2939,None
2940,FizzBuzz
2941,None
2942,None
2943,Fizz
2944,None
2945,Buzz
2946,Fizz
2947,None
2948,None
2949,Fizz
2950,Buzz
2951,None
2952,Fizz
2953,None
2954,None
2955,FizzBuzz
2956,None
2957,None
2958,Fizz
2959,None
2960,Buzz
2961,Fizz
2962,None
2963,None
2964,Fizz
2965,Buzz
2966,None
2967,Fizz
2968,None
2969,None
2970,FizzBuzz
2971,None
2972,None
2973,Fizz
2974,None
2975,Buzz
2976,Fizz
2977,None
2978,None
2979,Fizz
2980,Buzz
2981,None
2982,Fizz
2983,None
2984,None
2985,FizzBuzz
2986,None
2987,None
2988,Fizz
2989,None
2990,Buzz
2991,Fizz
2992,None
2993,None
2994,Fizz
2995,Buzz
2996,None
2997,Fizz
2998,None
2999,None
3000,FizzBuzz
3001,None
3002,None
3003,Fizz
3004,None
3005,Buzz
3006,Fizz
3007,None
3008,None
3009,Fizz
3010,Buzz
3011,None
3012,Fizz
3013,None
3014,None
3015,FizzBuzz
3016,None
3017,None
3018,Fizz
3019,None
3020,Buzz
3021,Fizz
3022,None
3023,None
3024,Fizz
3025,Buzz
3026,None
3027,Fizz
3028,None
3029,None
3030,FizzBuzz
3031,None
3032,None
3033,Fizz
3034,None
3035,Buzz
3036,Fizz
3037,None
3038,None
3039,Fizz
3040,Buzz
3041,None
3042,Fizz
3043,None
3044,None
3045,FizzBuzz
3046,None
3047,None
3048,Fizz
3049,None
3050,Buzz
3051,Fizz
3052,None
3053,None
3054,Fizz
3055,Buzz
3056,None
3057,Fizz
3058,None
3059,None
3060,FizzBuzz
3061,None
3062,None
3063,Fizz
3064,None
3065,Buzz
3066,Fizz
3067,None
3068,None
3069,Fizz
3070,Buzz
3071,None
3072,Fizz
3073,None
3074,None
3075,FizzBuzz
3076,None
3077,None
3078,Fizz
3079,None
3080,Buzz
3081,Fizz
3082,None
3083,None
3084,Fizz
3085,Buzz
3086,None
3087,Fizz
3088,None
3089,None
3090,FizzBuzz
3091,None
3092,None
3093,Fizz
3094,None
3095,Buzz
3096,Fizz
3097,None
3098,None
3099,Fizz
3100,Buzz
3101,None
3102,Fizz
3103,None
3104,None
3105,FizzBuzz
3106,None
3107,None
3108,Fizz
3109,None
3110,Buzz
3111,Fizz
3112,None
3113,None
3114,Fizz
3115,Buzz
3116,None
3117,Fizz
3118,None
3119,None
3120,FizzBuzz
3121,None
3122,None
3123,Fizz
3124,None
3125,Buzz
3126,Fizz
3127,None
3128,None
3129,Fizz
3130,Buzz
3131,None
3132,Fizz
3133,None
3134,None
3135,FizzBuzz
3136,None
3137,None
3138,Fizz
3139,None
3140,Buzz
3141,Fizz
3142,None
3143,None
3144,Fizz
3145,Buzz
3146,None
3147,Fizz
3148,None
3149,None
3150,FizzBuzz
3151,None
3152,None
3153,Fizz
3154,None
3155,Buzz
3156,Fizz
3157,None
3158,None
3159,Fizz
3160,Buzz
3161,None
3162,Fizz
3163,None
3164,None
3165,FizzBuzz
3166,None
3167,None
3168,Fizz
3169,None
3170,Buzz
3171,Fizz
3172,None
3173,None
3174,Fizz
3175,Buzz
3176,None
3177,Fizz
3178,None
3179,None
3180,FizzBuzz
3181,None
3182,None
3183,Fizz
3184,None
3185,Buzz
3186,Fizz
3187,None
3188,None
3189,Fizz
3190,Buzz
3191,None
3192,Fizz
3193,None
3194,None
3195,FizzBuzz
3196,None
3197,None
3198,Fizz
3199,None
3200,Buzz
3201,Fizz
3202,None
3203,None
3204,Fizz
3205,Buzz
3206,None
3207,Fizz
3208,None
3209,None
3210,FizzBuzz
3211,None
3212,None
3213,Fizz
3214,None
3215,Buzz
3216,Fizz
3217,None
3218,None
3219,Fizz
3220,Buzz
3221,None
3222,Fizz
3223,None
3224,None
3225,FizzBuzz
3226,None
3227,None
3228,Fizz
3229,None
3230,Buzz
3231,Fizz
3232,None
3233,None
3234,Fizz
3235,Buzz
3236,None
3237,Fizz
3238,None
3239,None
3240,FizzBuzz
3241,None
3242,None
3243,Fizz
3244,None
3245,Buzz
3246,Fizz
3247,None
3248,None
3249,Fizz
3250,Buzz
3251,None
3252,Fizz
3253,None
3254,None
3255,FizzBuzz
3256,None
3257,None
3258,Fizz
3259,None
3260,Buzz
3261,Fizz
3262,None
3263,None
3264,Fizz
3265,Buzz
3266,None
3267,Fizz
3268,None
3269,None
3270,FizzBuzz
3271,None
3272,None
3273,Fizz
3274,None
3275,Buzz
3276,Fizz
3277,None
3278,None
3279,Fizz
3280,Buzz
3281,None
3282,Fizz
3283,None
3284,None
3285,FizzBuzz
3286,None
3287,None
3288,Fizz
3289,None
3290,Buzz
3291,Fizz
3292,None
3293,None
3294,Fizz
3295,Buzz
3296,None
3297,Fizz
3298,None
3299,None
3300,FizzBuzz
3301,None
3302,None
3303,Fizz
3304,None
3305,Buzz
3306,Fizz
3307,None
3308,None
3309,Fizz
3310,Buzz
3311,None
3312,Fizz
3313,None
3314,None
3315,FizzBuzz
3316,None
3317,None
3318,Fizz
3319,None
3320,Buzz
3321,Fizz
3322,None
3323,None
3324,Fizz
3325,Buzz
3326,None
3327,Fizz
3328,None
3329,None
3330,FizzBuzz
3331,None
3332,None
3333,Fizz
3334,None
3335,Buzz
3336,Fizz
3337,None
3338,None
3339,Fizz
3340,Buzz
3341,None
3342,Fizz
3343,None
3344,None
3345,FizzBuzz
3346,None
3347,None
3348,Fizz
3349,None
3350,Buzz
3351,Fizz
3352,None
3353,None
3354,Fizz
3355,Buzz
3356,None
3357,Fizz
3358,None
3359,None
3360,FizzBuzz
3361,None
3362,None
3363,Fizz
3364,None
3365,Buzz
3366,Fizz
3367,None
3368,None
3369,Fizz
3370,Buzz
3371,None
3372,Fizz
3373,None
3374,None
3375,FizzBuzz
3376,None
3377,None
3378,Fizz
3379,None
3380,Buzz
3381,Fizz
3382,None
3383,None
3384,Fizz
3385,Buzz
3386,None
3387,Fizz
3388,None
3389,None
3390,FizzBuzz
3391,None
3392,None
3393,Fizz
3394,None
3395,Buzz
3396,Fizz
3397,None
3398,None
3399,Fizz
3400,Buzz
3401,None
3402,Fizz
3403,None
3404,None
3405,FizzBuzz
3406,None
3407,None
3408,Fizz
3409,None
3410,Buzz
3411,Fizz
3412,None
3413,None
3414,Fizz
3415,Buzz
3416,None
3417,Fizz
3418,None
3419,None
3420,FizzBuzz
3421,None
3422,None
3423,Fizz
3424,None
3425,Buzz
3426,Fizz
3427,None
3428,None
3429,Fizz
3430,Buzz
3431,None
3432,Fizz
3433,None
3434,None
3435,FizzBuzz
3436,None
3437,None
3438,Fizz
3439,None
3440,Buzz
3441,Fizz
3442,None
3443,None
3444,Fizz
3445,Buzz
3446,None
3447,Fizz
3448,None
3449,None
3450,FizzBuzz
3451,None
3452,None
3453,Fizz
3454,None
3455,Buzz
3456,Fizz
3457,None
3458,None
3459,Fizz
3460,Buzz
3461,None
3462,Fizz
3463,None
3464,None
3465,FizzBuzz
3466,None
3467,None
3468,Fizz
3469,None
3470,Buzz
3471,Fizz
3472,None
3473,None
3474,Fizz
3475,Buzz
3476,None
3477,Fizz
3478,None
3479,None
3480,FizzBuzz
3481,None
3482,None
3483,Fizz
3484,None
3485,Buzz
3486,Fizz
3487,None
3488,None
3489,Fizz
3490,Buzz
3491,None
3492,Fizz
3493,None
3494,None
3495,FizzBuzz
3496,None
3497,None
3498,Fizz
3499,None
3500,Buzz
3501,Fizz
3502,None
3503,None
3504,Fizz
3505,Buzz
3506,None
3507,Fizz
3508,None
3509,None
3510,FizzBuzz
3511,None
3512,None
3513,Fizz
3514,None
3515,Buzz
3516,Fizz
3517,None
3518,None
3519,Fizz
3520,Buzz
3521,None
3522,Fizz
3523,None
3524,None
3525,FizzBuzz
3526,None
3527,None
3528,Fizz
3529,None
3530,Buzz
3531,Fizz
3532,None
3533,None
3534,Fizz
3535,Buzz
3536,None
3537,Fizz
3538,None
3539,None
3540,FizzBuzz
3541,None
3542,None
3543,Fizz
3544,None
3545,Buzz
3546,Fizz
3547,None
3548,None
3549,Fizz
3550,Buzz
3551,None
3552,Fizz
3553,None
3554,None
3555,FizzBuzz
3556,None
3557,None
3558,Fizz
3559,None
3560,Buzz
3561,Fizz
3562,None
3563,None
3564,Fizz
3565,Buzz
3566,None
3567,Fizz
3568,None
3569,None
3570,FizzBuzz
3571,None
3572,None
3573,Fizz
3574,None
3575,Buzz
3576,Fizz
3577,None
3578,None
3579,Fizz
3580,Buzz
3581,None
3582,Fizz
3583,None
3584,None
3585,FizzBuzz
3586,None
3587,None
3588,Fizz
3589,None
3590,Buzz
3591,Fizz
3592,None
3593,None
3594,Fizz
3595,Buzz
3596,None
3597,Fizz
3598,None
3599,None
3600,FizzBuzz
3601,None
3602,None
3603,Fizz
3604,None
3605,Buzz
3606,Fizz
3607,None
3608,None
3609,Fizz
3610,Buzz
3611,None
3612,Fizz
3613,None
3614,None
3615,FizzBuzz
3616,None
3617,None
3618,Fizz
3619,None
3620,Buzz
3621,Fizz
3622,None
3623,None
3624,Fizz
3625,Buzz
3626,None
3627,Fizz
3628,None
3629,None
3630,FizzBuzz
3631,None
3632,None
3633,Fizz
3634,None
3635,Buzz
3636,Fizz
3637,None
3638,None
3639,Fizz
3640,Buzz
3641,None
3642,Fizz
3643,None
3644,None
3645,FizzBuzz
3646,None
3647,None
3648,Fizz
3649,None
3650,Buzz
3651,Fizz
3652,None
3653,None
3654,Fizz
3655,Buzz
3656,None
3657,Fizz
3658,None
3659,None
3660,FizzBuzz
3661,None
3662,None
3663,Fizz
3664,None
3665,Buzz
3666,Fizz
3667,None
3668,None
3669,Fizz
3670,Buzz
3671,None
3672,Fizz
3673,None
3674,None
3675,FizzBuzz
3676,None
3677,None
3678,Fizz
3679,None
3680,Buzz
3681,Fizz
3682,None
3683,None
3684,Fizz
3685,Buzz
3686,None
3687,Fizz
3688,None
3689,None
3690,FizzBuzz
3691,None
3692,None
3693,Fizz
3694,None
3695,Buzz
3696,Fizz
3697,None
3698,None
3699,Fizz
3700,Buzz
3701,None
3702,Fizz
3703,None
3704,None
3705,FizzBuzz
3706,None
3707,None
3708,Fizz
3709,None
3710,Buzz
3711,Fizz
3712,None
3713,None
3714,Fizz
3715,Buzz
3716,None
3717,Fizz
3718,None
3719,None
3720,FizzBuzz
3721,None
3722,None
3723,Fizz
3724,None
3725,Buzz
3726,Fizz
3727,None
3728,None
3729,Fizz
3730,Buzz
3731,None
3732,Fizz
3733,None
3734,None
3735,FizzBuzz
3736,None
3737,None
3738,Fizz
3739,None
3740,Buzz
3741,Fizz
3742,None
3743,None
3744,Fizz
3745,Buzz
3746,None
3747,Fizz
3748,None
3749,None
3750,FizzBuzz
3751,None
3752,None
3753,Fizz
3754,None
3755,Buzz
3756,Fizz
3757,None
3758,None
3759,Fizz
3760,Buzz
3761,None
3762,Fizz
3763,None
3764,None
3765,FizzBuzz
3766,None
3767,None
3768,Fizz
3769,None
3770,Buzz
3771,Fizz
3772,None
3773,None
3774,Fizz
3775,Buzz
3776,None
3777,Fizz
3778,None
3779,None
3780,FizzBuzz
3781,None
3782,None
3783,Fizz
3784,None
3785,Buzz
3786,Fizz
3787,None
3788,None
3789,Fizz
3790,Buzz
3791,None
3792,Fizz
3793,None
3794,None
3795,FizzBuzz
3796,None
3797,None
3798,Fizz
3799,None
3800,Buzz
3801,Fizz
3802,None
3803,None
3804,Fizz
3805,Buzz
3806,None
3807,Fizz
3808,None
3809,None
3810,FizzBuzz
3811,None
3812,None
3813,Fizz
3814,None
3815,Buzz
3816,Fizz
3817,None
3818,None
3819,Fizz
3820,Buzz
3821,None
3822,Fizz
3823,None
3824,None
3825,FizzBuzz
3826,None
3827,None
3828,Fizz
3829,None
3830,Buzz
3831,Fizz
3832,None
3833,None
3834,Fizz
3835,Buzz
3836,None
3837,Fizz
3838,None
3839,None
3840,FizzBuzz
3841,None
3842,None
3843,Fizz
3844,None
3845,Buzz
3846,Fizz
3847,None
3848,None
3849,Fizz
3850,Buzz
3851,None
3852,Fizz
3853,None
3854,None
3855,FizzBuzz
3856,None
3857,None
3858,Fizz
3859,None
3860,Buzz
3861,Fizz
3862,None
3863,None
3864,Fizz
3865,Buzz
3866,None
3867,Fizz
3868,None
3869,None
3870,FizzBuzz
3871,None
3872,None
3873,Fizz
3874,None
3875,Buzz
3876,Fizz
3877,None
3878,None
3879,Fizz
3880,Buzz
3881,None
3882,Fizz
3883,None
3884,None
3885,FizzBuzz
3886,None
3887,None
3888,Fizz
3889,None
3890,Buzz
3891,Fizz
3892,None
3893,None
3894,Fizz
3895,Buzz
3896,None
3897,Fizz
3898,None
3899,None
3900,FizzBuzz
3901,None
3902,None
3903,Fizz
3904,None
3905,Buzz
3906,Fizz
3907,None
3908,None
3909,Fizz
3910,Buzz
3911,None
3912,Fizz
3913,None
3914,None
3915,FizzBuzz
3916,None
3917,None
3918,Fizz
3919,None
3920,Buzz
3921,Fizz
3922,None
3923,None
3924,Fizz
3925,Buzz
3926,None
3927,Fizz
3928,None
3929,None
3930,FizzBuzz
3931,None
3932,None
3933,Fizz
3934,None
3935,Buzz
3936,Fizz
3937,None
3938,None
3939,Fizz
3940,Buzz
3941,None
3942,Fizz
3943,None
3944,None
3945,FizzBuzz
3946,None
3947,None
3948,Fizz
3949,None
3950,Buzz
3951,Fizz
3952,None
3953,None
3954,Fizz
3955,Buzz
3956,None
3957,Fizz
3958,None
3959,None
3960,FizzBuzz
3961,None
3962,None
3963,Fizz
3964,None
3965,Buzz
3966,Fizz
3967,None
3968,None
3969,Fizz
3970,Buzz
3971,None
3972,Fizz
3973,None
3974,None
3975,FizzBuzz
3976,None
3977,None
3978,Fizz
3979,None
3980,Buzz
3981,Fizz
3982,None
3983,None
3984,Fizz
3985,Buzz
3986,None
3987,Fizz
3988,None
3989,None
3990,FizzBuzz
3991,None
3992,None
3993,Fizz
3994,None
3995,Buzz
3996,Fizz
3997,None
3998,None
3999,Fizz
4000,Buzz
